23:27:57 08/03/26,feynman-path-integral-summary.txt
23:31:24 08/03/26,seattle-current-time-summary.txt
23:34:31 08/03/26,microsoft-stock-investing-summary.txt
13:09:45 08/04/26,customtkinter_overlay_subprocess_summary.txt
14:15:20 08/04/26,apple-shortcuts-note-name-issue
16:30:45 08/04/26,python-generate-uuid-summary.txt
16:56:36 08/04/26,ctk_label_alignment_summary.txt
17:00:25 08/04/26,fastapi-apple-shortcuts-timeout-summary.txt
17:31:53 08/04/26,apple-shortcuts-fastapi-timeout-pending-job.txt
17:39:47 08/04/26,http-pending-job-status-summary.txt
18:22:53 08/04/26,fastapi-ctk-threading-statuscodes-chatbubble-summary.txt
